{
  "timestamp": "2025-11-07T21:03:24.239903",
  "accelerometer": {
    "x": -0.33039984107017517,
    "y": 5.504269599914551,
    "z": 8.47547435760498
  },
  "gyroscope": {
    "x": -0.009054748341441154,
    "y": 0.013848437927663326,
    "z": -0.007456851191818714
  },
  "magnetometer": {
    "x": -37.890625,
    "y": 5.37109375,
    "z": -3.515625
  },
  "gps": null,
  "proximity": null,
  "ambientLight": 73,
  "pressure": null
}