{
  "timestamp": "2025-11-07T21:17:40.748942",
  "accelerometer": {
    "x": 0.016759412363171577,
    "y": 0.08140286058187485,
    "z": 10.168174743652344
  },
  "gyroscope": {
    "x": 0,
    "y": 0,
    "z": 0.001065264455974102
  },
  "magnetometer": {
    "x": 107.71484375,
    "y": -15.52734375,
    "z": -283.203125
  },
  "gps": null,
  "proximity": null,
  "ambientLight": 119,
  "pressure": null
}