{
  "timestamp": "2025-11-07T21:17:18.749525",
  "accelerometer": {
    "x": -5.556941986083984,
    "y": 5.154716491699219,
    "z": 6.8162922859191895
  },
  "gyroscope": {
    "x": 0.06338323652744293,
    "y": -0.05273059010505676,
    "z": 0.041012682020664215
  },
  "magnetometer": {
    "x": 0.09765625,
    "y": -58.7890625,
    "z": -40.91796875
  },
  "gps": null,
  "proximity": null,
  "ambientLight": 158,
  "pressure": null
}