{
  "timestamp": "2025-11-07T21:03:06.299298",
  "accelerometer": {
    "x": -0.9648633003234863,
    "y": 6.368576526641846,
    "z": 7.860164165496826
  },
  "gyroscope": {
    "x": -0.011185277253389359,
    "y": 0.02183792181313038,
    "z": -0.009054748341441154
  },
  "magnetometer": {
    "x": -31.640625,
    "y": 7.03125,
    "z": -11.42578125
  },
  "gps": null,
  "proximity": null,
  "ambientLight": 65,
  "pressure": null
}