{
  "timestamp": "2025-11-07T21:17:22.747440",
  "accelerometer": {
    "x": -2.942473888397217,
    "y": 2.631227731704712,
    "z": 9.409213066101074
  },
  "gyroscope": {
    "x": 0.20080235600471497,
    "y": -0.33076462149620056,
    "z": -0.15872439742088318
  },
  "magnetometer": {
    "x": -14.55078125,
    "y": -58.49609375,
    "z": -54.8828125
  },
  "gps": null,
  "proximity": null,
  "ambientLight": 130,
  "pressure": null
}