{
  "timestamp": "2025-11-07T21:17:39.748643",
  "accelerometer": {
    "x": 0.031124621629714966,
    "y": 0.0694318488240242,
    "z": 10.1753568649292
  },
  "gyroscope": {
    "x": -0.000532632227987051,
    "y": -0.001065264455974102,
    "z": 0.000532632227987051
  },
  "magnetometer": {
    "x": 107.51953125,
    "y": -16.6015625,
    "z": -284.66796875
  },
  "gps": null,
  "proximity": null,
  "ambientLight": 119,
  "pressure": null
}