{
  "timestamp": "2025-11-07T21:17:19.749706",
  "accelerometer": {
    "x": -5.822698593139648,
    "y": 6.265625953674316,
    "z": 7.242460250854492
  },
  "gyroscope": {
    "x": 0.11451593041419983,
    "y": -0.2183792144060135,
    "z": -0.15126755833625793
  },
  "magnetometer": {
    "x": 0.87890625,
    "y": -56.0546875,
    "z": -44.23828125
  },
  "gps": null,
  "proximity": null,
  "ambientLight": 130,
  "pressure": null
}