{
  "timestamp": "2025-11-07T21:03:05.299156",
  "accelerometer": {
    "x": -0.4189853072166443,
    "y": 6.550535678863525,
    "z": 7.467514991760254
  },
  "gyroscope": {
    "x": -0.013315806165337563,
    "y": -0.029294772073626518,
    "z": -0.02130528911948204
  },
  "magnetometer": {
    "x": -30.76171875,
    "y": 4.98046875,
    "z": -13.37890625
  },
  "gps": null,
  "proximity": null,
  "ambientLight": 54,
  "pressure": null
}