{
  "timestamp": "2025-11-07T20:47:46.040201",
  "accelerometer": {
    "x": 1.4413094520568848,
    "y": 4.144362926483154,
    "z": 9.165003776550293
  },
  "gyroscope": {
    "x": 0.0926780104637146,
    "y": -0.29348036646842957,
    "z": 0.2593919038772583
  },
  "magnetometer": {
    "x": -17.578125,
    "y": 1.171875,
    "z": -4.58984375
  },
  "gps": null,
  "proximity": null,
  "ambientLight": 96,
  "pressure": null
}