{
  "timestamp": "2025-11-07T21:02:56.299200",
  "accelerometer": {
    "x": -1.1061211824417114,
    "y": 6.665457725524902,
    "z": 7.433996200561523
  },
  "gyroscope": {
    "x": -0.023968450725078583,
    "y": 0.00532632227987051,
    "z": 0.013848437927663326
  },
  "magnetometer": {
    "x": -30.2734375,
    "y": 6.93359375,
    "z": -12.98828125
  },
  "gps": null,
  "proximity": null,
  "ambientLight": 54,
  "pressure": null
}