{
  "timestamp": "2025-11-07T21:17:44.749583",
  "accelerometer": {
    "x": 0.028730420395731926,
    "y": 0.08140286058187485,
    "z": 10.165780067443848
  },
  "gyroscope": {
    "x": 0.000532632227987051,
    "y": 0.000532632227987051,
    "z": -0.000532632227987051
  },
  "magnetometer": {
    "x": 107.91015625,
    "y": -15.4296875,
    "z": -282.71484375
  },
  "gps": null,
  "proximity": null,
  "ambientLight": 130,
  "pressure": null
}