{
  "timestamp": "2025-11-07T21:17:41.749736",
  "accelerometer": {
    "x": 0.009576806798577309,
    "y": 0.07661445438861847,
    "z": 10.15141487121582
  },
  "gyroscope": {
    "x": -0.000532632227987051,
    "y": 0,
    "z": 0
  },
  "magnetometer": {
    "x": 108.10546875,
    "y": -15.625,
    "z": -284.375
  },
  "gps": null,
  "proximity": null,
  "ambientLight": 132,
  "pressure": null
}