{
  "timestamp": "2025-11-07T21:02:50.300046",
  "accelerometer": {
    "x": -1.0534487962722778,
    "y": 6.761225700378418,
    "z": 7.465120792388916
  },
  "gyroscope": {
    "x": -0.03888215124607086,
    "y": -0.002663161139935255,
    "z": -0.010120011866092682
  },
  "magnetometer": {
    "x": -29.58984375,
    "y": 4.78515625,
    "z": -13.671875
  },
  "gps": null,
  "proximity": null,
  "ambientLight": 54,
  "pressure": null
}