{
  "timestamp": "2025-11-07T21:02:46.299088",
  "accelerometer": {
    "x": -1.0247182846069336,
    "y": 7.082048416137695,
    "z": 7.024587631225586
  },
  "gyroscope": {
    "x": -0.00532632227987051,
    "y": -0.019707392901182175,
    "z": -0.062317971140146255
  },
  "magnetometer": {
    "x": -28.90625,
    "y": 4.1015625,
    "z": -15.0390625
  },
  "gps": null,
  "proximity": null,
  "ambientLight": 44,
  "pressure": null
}