{
  "timestamp": "2025-11-07T21:03:02.298333",
  "accelerometer": {
    "x": -0.7805097699165344,
    "y": 6.5050458908081055,
    "z": 7.671022415161133
  },
  "gyroscope": {
    "x": -0.019707392901182175,
    "y": -0.003195793367922306,
    "z": -0.024501081556081772
  },
  "magnetometer": {
    "x": -31.15234375,
    "y": 6.0546875,
    "z": -12.59765625
  },
  "gps": null,
  "proximity": null,
  "ambientLight": 55,
  "pressure": null
}