{
  "timestamp": "2025-11-07T20:47:55.040144",
  "accelerometer": {
    "x": 0.272938996553421,
    "y": 4.8267107009887695,
    "z": 8.927978515625
  },
  "gyroscope": {
    "x": -0.015978965908288956,
    "y": 0.004793690051883459,
    "z": -0.020240023732185364
  },
  "magnetometer": {
    "x": -18.45703125,
    "y": 1.3671875,
    "z": -7.6171875
  },
  "gps": null,
  "proximity": null,
  "ambientLight": 95,
  "pressure": null
}