{
  "timestamp": "2025-11-07T21:17:16.747173",
  "accelerometer": {
    "x": -4.412513732910156,
    "y": 3.823540210723877,
    "z": 8.4108304977417
  },
  "gyroscope": {
    "x": -0.12197277694940567,
    "y": 0.027696875855326653,
    "z": -0.003728425595909357
  },
  "magnetometer": {
    "x": 83.69140625,
    "y": -54.4921875,
    "z": -192.08984375
  },
  "gps": null,
  "proximity": null,
  "ambientLight": 159,
  "pressure": null
}