{
  "timestamp": "2025-11-07T20:47:57.039199",
  "accelerometer": {
    "x": 0.3208230137825012,
    "y": 4.733336925506592,
    "z": 8.844181060791016
  },
  "gyroscope": {
    "x": 0.006924218963831663,
    "y": -0.02130528911948204,
    "z": -0.011185277253389359
  },
  "magnetometer": {
    "x": -18.84765625,
    "y": 4.58984375,
    "z": -7.32421875
  },
  "gps": null,
  "proximity": null,
  "ambientLight": 103,
  "pressure": null
}