{
  "timestamp": "2025-11-07T20:47:41.039310",
  "accelerometer": {
    "x": 0.17477671802043915,
    "y": 4.0294413566589355,
    "z": 9.495404243469238
  },
  "gyroscope": {
    "x": 0.004793690051883459,
    "y": 0.05752427875995636,
    "z": 0.034621093422174454
  },
  "magnetometer": {
    "x": -16.2109375,
    "y": 3.22265625,
    "z": -10.15625
  },
  "gps": null,
  "proximity": null,
  "ambientLight": 98,
  "pressure": null
}