{
  "timestamp": "2025-11-07T21:02:59.297992",
  "accelerometer": {
    "x": -0.7757213711738586,
    "y": 6.507440090179443,
    "z": 7.6566572189331055
  },
  "gyroscope": {
    "x": -0.002130528911948204,
    "y": -0.002663161139935255,
    "z": -0.006391586735844612
  },
  "magnetometer": {
    "x": -30.859375,
    "y": 6.93359375,
    "z": -11.9140625
  },
  "gps": null,
  "proximity": null,
  "ambientLight": 61,
  "pressure": null
}