{
  "timestamp": "2025-11-07T20:47:58.039419",
  "accelerometer": {
    "x": 0.4213795065879822,
    "y": 4.639962673187256,
    "z": 8.848969459533691
  },
  "gyroscope": {
    "x": -0.01438106968998909,
    "y": -0.00532632227987051,
    "z": 0
  },
  "magnetometer": {
    "x": -17.96875,
    "y": 0.9765625,
    "z": -6.8359375
  },
  "gps": null,
  "proximity": null,
  "ambientLight": 88,
  "pressure": null
}