{
  "timestamp": "2025-11-07T21:02:55.298793",
  "accelerometer": {
    "x": -1.0989385843276978,
    "y": 6.675034523010254,
    "z": 7.501033782958984
  },
  "gyroscope": {
    "x": 0.002130528911948204,
    "y": -0.000532632227987051,
    "z": -0.013848437927663326
  },
  "magnetometer": {
    "x": -30.078125,
    "y": 6.25,
    "z": -12.3046875
  },
  "gps": null,
  "proximity": null,
  "ambientLight": 49,
  "pressure": null
}