{
  "timestamp": "2025-11-07T20:47:42.039265",
  "accelerometer": {
    "x": -0.05267243832349777,
    "y": 4.3622355461120605,
    "z": 9.074024200439453
  },
  "gyroscope": {
    "x": -0.001065264455974102,
    "y": -0.07776430249214172,
    "z": -0.001065264455974102
  },
  "magnetometer": {
    "x": -16.6015625,
    "y": 5.078125,
    "z": -11.23046875
  },
  "gps": null,
  "proximity": null,
  "ambientLight": 87,
  "pressure": null
}