{
  "timestamp": "2025-11-07T20:47:43.040352",
  "accelerometer": {
    "x": -0.06224924325942993,
    "y": 4.355052947998047,
    "z": 9.08838939666748
  },
  "gyroscope": {
    "x": 0.000532632227987051,
    "y": 0.016511598601937294,
    "z": -0.004261057823896408
  },
  "magnetometer": {
    "x": -16.6015625,
    "y": 2.44140625,
    "z": -10.7421875
  },
  "gps": null,
  "proximity": null,
  "ambientLight": 89,
  "pressure": null
}