{
  "timestamp": "2025-11-07T21:03:03.298943",
  "accelerometer": {
    "x": -0.8906430602073669,
    "y": 6.567295074462891,
    "z": 7.752425193786621
  },
  "gyroscope": {
    "x": -0.001597896683961153,
    "y": 0.005858954507857561,
    "z": -0.009587380103766918
  },
  "magnetometer": {
    "x": -30.76171875,
    "y": 6.0546875,
    "z": -11.71875
  },
  "gps": null,
  "proximity": null,
  "ambientLight": 59,
  "pressure": null
}