{
  "timestamp": "2025-11-07T21:17:20.749634",
  "accelerometer": {
    "x": -3.49314022064209,
    "y": 3.315969467163086,
    "z": 8.01339340209961
  },
  "gyroscope": {
    "x": -0.2647182047367096,
    "y": -1.4881744384765625,
    "z": -0.8916263580322266
  },
  "magnetometer": {
    "x": -1.26953125,
    "y": -45.60546875,
    "z": -55.2734375
  },
  "gps": null,
  "proximity": null,
  "ambientLight": 129,
  "pressure": null
}