{
  "timestamp": "2025-11-07T21:17:42.749344",
  "accelerometer": {
    "x": 0.021547814831137657,
    "y": 0.08140286058187485,
    "z": 10.177751541137695
  },
  "gyroscope": {
    "x": 0,
    "y": 0,
    "z": 0
  },
  "magnetometer": {
    "x": 107.03125,
    "y": -14.84375,
    "z": -284.08203125
  },
  "gps": null,
  "proximity": null,
  "ambientLight": 115,
  "pressure": null
}