{
  "timestamp": "2025-11-07T20:47:40.040391",
  "accelerometer": {
    "x": 0.11971008777618408,
    "y": 3.93367338180542,
    "z": 9.313444137573242
  },
  "gyroscope": {
    "x": 0.022370554506778717,
    "y": -0.09587380290031433,
    "z": -0.004793690051883459
  },
  "magnetometer": {
    "x": -15.91796875,
    "y": 3.3203125,
    "z": -11.23046875
  },
  "gps": null,
  "proximity": null,
  "ambientLight": 91,
  "pressure": null
}