{
  "timestamp": "2025-11-07T21:17:17.748550",
  "accelerometer": {
    "x": -5.5545477867126465,
    "y": 4.402936935424805,
    "z": 7.740454196929932
  },
  "gyroscope": {
    "x": 0.01757686398923397,
    "y": 0.1395496428012848,
    "z": 0.4500742256641388
  },
  "magnetometer": {
    "x": 84.66796875,
    "y": -58.7890625,
    "z": -186.42578125
  },
  "gps": null,
  "proximity": null,
  "ambientLight": 141,
  "pressure": null
}