{
  "timestamp": "2025-11-07T21:17:37.749557",
  "accelerometer": {
    "x": 0.035913024097681046,
    "y": 0.11252748221158981,
    "z": 10.103530883789062
  },
  "gyroscope": {
    "x": 0.011185277253389359,
    "y": 0.02876213937997818,
    "z": 0.001065264455974102
  },
  "magnetometer": {
    "x": 108.0078125,
    "y": -15.8203125,
    "z": -283.30078125
  },
  "gps": null,
  "proximity": null,
  "ambientLight": 114,
  "pressure": null
}