{
  "timestamp": "2025-11-07T21:03:00.299341",
  "accelerometer": {
    "x": -0.6823474764823914,
    "y": 6.44279670715332,
    "z": 7.726089000701904
  },
  "gyroscope": {
    "x": -0.001065264455974102,
    "y": -0.013315806165337563,
    "z": 0.008522115647792816
  },
  "magnetometer": {
    "x": -31.34765625,
    "y": 6.93359375,
    "z": -12.40234375
  },
  "gps": null,
  "proximity": null,
  "ambientLight": 54,
  "pressure": null
}