{
  "timestamp": "2025-11-07T20:47:49.039066",
  "accelerometer": {
    "x": 0.3902548849582672,
    "y": 4.338293552398682,
    "z": 9.124302864074707
  },
  "gyroscope": {
    "x": 0.023968450725078583,
    "y": -0.001065264455974102,
    "z": -0.010120011866092682
  },
  "magnetometer": {
    "x": -17.578125,
    "y": 2.44140625,
    "z": -7.32421875
  },
  "gps": null,
  "proximity": null,
  "ambientLight": 102,
  "pressure": null
}