{
  "timestamp": "2025-11-07T21:17:36.747927",
  "accelerometer": {
    "x": 0.047884032130241394,
    "y": 0.05746084079146385,
    "z": 10.153809547424316
  },
  "gyroscope": {
    "x": 0,
    "y": 0.002130528911948204,
    "z": 0.001065264455974102
  },
  "magnetometer": {
    "x": 99.8046875,
    "y": -10.546875,
    "z": -251.3671875
  },
  "gps": null,
  "proximity": null,
  "ambientLight": 124,
  "pressure": null
}