{
  "timestamp": "2025-11-07T21:03:21.240189",
  "accelerometer": {
    "x": 0.07182604819536209,
    "y": 4.888959884643555,
    "z": 9.311050415039062
  },
  "gyroscope": {
    "x": -0.17470337450504303,
    "y": -0.07030745595693588,
    "z": 0.009587380103766918
  },
  "magnetometer": {
    "x": -37.98828125,
    "y": 11.9140625,
    "z": -3.90625
  },
  "gps": null,
  "proximity": null,
  "ambientLight": 80,
  "pressure": null
}