{
  "timestamp": "2025-11-07T21:17:15.748989",
  "accelerometer": {
    "x": -3.797203779220581,
    "y": 4.144362926483154,
    "z": 7.955932140350342
  },
  "gyroscope": {
    "x": 0.17896443605422974,
    "y": -0.12783172726631165,
    "z": -0.1768338978290558
  },
  "magnetometer": {
    "x": 85.64453125,
    "y": -57.71484375,
    "z": -193.359375
  },
  "gps": null,
  "proximity": null,
  "ambientLight": 139,
  "pressure": null
}