{
  "timestamp": "2025-11-07T21:17:33.750121",
  "accelerometer": {
    "x": 0.07422025501728058,
    "y": 0.021547814831137657,
    "z": 10.249577522277832
  },
  "gyroscope": {
    "x": 0.002130528911948204,
    "y": 0.001065264455974102,
    "z": 0.001065264455974102
  },
  "magnetometer": {
    "x": 100,
    "y": -9.08203125,
    "z": -251.171875
  },
  "gps": null,
  "proximity": null,
  "ambientLight": 134,
  "pressure": null
}