{
  "timestamp": "2025-11-07T21:03:22.240424",
  "accelerometer": {
    "x": -0.3064578175544739,
    "y": 5.5545477867126465,
    "z": 8.537723541259766
  },
  "gyroscope": {
    "x": 0.05699164792895317,
    "y": 0.10439591854810715,
    "z": -0.016511598601937294
  },
  "magnetometer": {
    "x": -37.01171875,
    "y": 5.95703125,
    "z": -3.02734375
  },
  "gps": null,
  "proximity": null,
  "ambientLight": 71,
  "pressure": null
}