{
  "timestamp": "2025-11-07T21:02:48.297295",
  "accelerometer": {
    "x": -1.091755986213684,
    "y": 6.789956092834473,
    "z": 7.359776020050049
  },
  "gyroscope": {
    "x": -0.000532632227987051,
    "y": 0.001065264455974102,
    "z": -0.006924218963831663
  },
  "magnetometer": {
    "x": -30.17578125,
    "y": 7.32421875,
    "z": -13.8671875
  },
  "gps": null,
  "proximity": null,
  "ambientLight": 50,
  "pressure": null
}