{
  "timestamp": "2025-11-07T21:17:28.749488",
  "accelerometer": {
    "x": -1.1276689767837524,
    "y": 1.2425906658172607,
    "z": 10.04846477508545
  },
  "gyroscope": {
    "x": -0.0974716991186142,
    "y": 0.037284255027770996,
    "z": 0.05060006305575371
  },
  "magnetometer": {
    "x": 0.68359375,
    "y": -9.765625,
    "z": 21.97265625
  },
  "gps": null,
  "proximity": null,
  "ambientLight": 134,
  "pressure": null
}