{
  "timestamp": "2025-11-07T20:47:56.039309",
  "accelerometer": {
    "x": 0.33518823981285095,
    "y": 4.639962673187256,
    "z": 9.186552047729492
  },
  "gyroscope": {
    "x": 0.005858954507857561,
    "y": 0.013848437927663326,
    "z": -0.016511598601937294
  },
  "magnetometer": {
    "x": -18.1640625,
    "y": 1.66015625,
    "z": -6.93359375
  },
  "gps": null,
  "proximity": null,
  "ambientLight": 90,
  "pressure": null
}