{
  "timestamp": "2025-11-07T21:17:25.749732",
  "accelerometer": {
    "x": -2.0853497982025146,
    "y": 1.599326729774475,
    "z": 9.478644371032715
  },
  "gyroscope": {
    "x": -0.1257012039422989,
    "y": 0.17363810539245605,
    "z": 0.6407565474510193
  },
  "magnetometer": {
    "x": 83.10546875,
    "y": -45.5078125,
    "z": -197.4609375
  },
  "gps": null,
  "proximity": null,
  "ambientLight": 128,
  "pressure": null
}