{
  "timestamp": "2025-11-07T21:17:38.749436",
  "accelerometer": {
    "x": 0.014365210197865963,
    "y": 0.090979665517807,
    "z": 10.125079154968262
  },
  "gyroscope": {
    "x": -0.001065264455974102,
    "y": 0.003195793367922306,
    "z": 0
  },
  "magnetometer": {
    "x": 107.6171875,
    "y": -15.625,
    "z": -284.86328125
  },
  "gps": null,
  "proximity": null,
  "ambientLight": 127,
  "pressure": null
}