{
  "timestamp": "2025-11-07T21:03:07.299187",
  "accelerometer": {
    "x": -1.05105459690094,
    "y": 6.404489517211914,
    "z": 7.7763671875
  },
  "gyroscope": {
    "x": -0.012783173471689224,
    "y": -0.005858954507857561,
    "z": -0.006391586735844612
  },
  "magnetometer": {
    "x": -32.2265625,
    "y": 5.56640625,
    "z": -10.9375
  },
  "gps": null,
  "proximity": null,
  "ambientLight": 55,
  "pressure": null
}