{
  "timestamp": "2025-11-07T20:47:59.040052",
  "accelerometer": {
    "x": 0.2059013396501541,
    "y": 4.520252704620361,
    "z": 9.284713745117188
  },
  "gyroscope": {
    "x": -0.002130528911948204,
    "y": -0.19174760580062866,
    "z": -0.037816889584064484
  },
  "magnetometer": {
    "x": -17.3828125,
    "y": 1.85546875,
    "z": -7.6171875
  },
  "gps": null,
  "proximity": null,
  "ambientLight": 94,
  "pressure": null
}