{
  "timestamp": "2025-11-07T21:02:53.298872",
  "accelerometer": {
    "x": -1.1204863786697388,
    "y": 6.696582317352295,
    "z": 7.314286231994629
  },
  "gyroscope": {
    "x": -0.005858954507857561,
    "y": 0.019707392901182175,
    "z": 0.003195793367922306
  },
  "magnetometer": {
    "x": -29.4921875,
    "y": 3.7109375,
    "z": -13.76953125
  },
  "gps": null,
  "proximity": null,
  "ambientLight": 48,
  "pressure": null
}