{
  "timestamp": "2025-11-07T21:17:46.748307",
  "accelerometer": {
    "x": 0.026336219161748886,
    "y": 0.07900865375995636,
    "z": 10.177751541137695
  },
  "gyroscope": {
    "x": -0.000532632227987051,
    "y": 0.002130528911948204,
    "z": 0.001065264455974102
  },
  "magnetometer": {
    "x": 107.2265625,
    "y": -12.98828125,
    "z": -283.49609375
  },
  "gps": null,
  "proximity": null,
  "ambientLight": 122,
  "pressure": null
}