{
  "timestamp": "2025-11-07T21:17:14.749099",
  "accelerometer": {
    "x": -2.3127987384796143,
    "y": 1.9249382019042969,
    "z": 9.162610054016113
  },
  "gyroscope": {
    "x": -0.013315806165337563,
    "y": 0.1763012707233429,
    "z": -0.03302319720387459
  },
  "magnetometer": {
    "x": 66.2109375,
    "y": -36.1328125,
    "z": -204.4921875
  },
  "gps": null,
  "proximity": null,
  "ambientLight": 141,
  "pressure": null
}