{
  "timestamp": "2025-11-07T21:02:58.298842",
  "accelerometer": {
    "x": -0.7876923680305481,
    "y": 6.502651691436768,
    "z": 7.728483200073242
  },
  "gyroscope": {
    "x": -0.013315806165337563,
    "y": -0.002130528911948204,
    "z": 0.009054748341441154
  },
  "magnetometer": {
    "x": -30.95703125,
    "y": 6.93359375,
    "z": -11.5234375
  },
  "gps": null,
  "proximity": null,
  "ambientLight": 56,
  "pressure": null
}