{
  "timestamp": "2025-11-07T20:47:52.040203",
  "accelerometer": {
    "x": 0.22266076505184174,
    "y": 4.707000732421875,
    "z": 8.868123054504395
  },
  "gyroscope": {
    "x": -0.007456851191818714,
    "y": 0.012250540778040886,
    "z": -0.004261057823896408
  },
  "magnetometer": {
    "x": -17.28515625,
    "y": 1.171875,
    "z": -8.59375
  },
  "gps": null,
  "proximity": null,
  "ambientLight": 85,
  "pressure": null
}