{
  "timestamp": "2025-11-07T21:02:57.299159",
  "accelerometer": {
    "x": -0.950498104095459,
    "y": 6.514622688293457,
    "z": 7.642292022705078
  },
  "gyroscope": {
    "x": -0.01757686398923397,
    "y": -0.017044231295585632,
    "z": 0.027696875855326653
  },
  "magnetometer": {
    "x": -31.0546875,
    "y": 7.12890625,
    "z": -12.79296875
  },
  "gps": null,
  "proximity": null,
  "ambientLight": 55,
  "pressure": null
}