{
  "timestamp": "2025-11-07T21:17:32.748754",
  "accelerometer": {
    "x": 0.0454898327589035,
    "y": 0.05985504388809204,
    "z": 10.146626472473145
  },
  "gyroscope": {
    "x": 0,
    "y": 0.000532632227987051,
    "z": 0.000532632227987051
  },
  "magnetometer": {
    "x": 99.31640625,
    "y": -9.66796875,
    "z": -250.9765625
  },
  "gps": null,
  "proximity": null,
  "ambientLight": 114,
  "pressure": null
}