{
  "timestamp": "2025-11-07T21:03:23.240062",
  "accelerometer": {
    "x": -0.4644751250743866,
    "y": 5.635950565338135,
    "z": 8.406042098999023
  },
  "gyroscope": {
    "x": 0.01438106968998909,
    "y": 0.014913702383637428,
    "z": -0.006391586735844612
  },
  "magnetometer": {
    "x": -37.3046875,
    "y": 6.93359375,
    "z": -3.125
  },
  "gps": null,
  "proximity": null,
  "ambientLight": 74,
  "pressure": null
}