{
  "timestamp": "2025-11-07T21:17:45.749279",
  "accelerometer": {
    "x": 0.016759412363171577,
    "y": 0.08379705995321274,
    "z": 10.144232749938965
  },
  "gyroscope": {
    "x": -0.000532632227987051,
    "y": 0.000532632227987051,
    "z": -0.001065264455974102
  },
  "magnetometer": {
    "x": 108.30078125,
    "y": -16.50390625,
    "z": -281.0546875
  },
  "gps": null,
  "proximity": null,
  "ambientLight": 114,
  "pressure": null
}