{
  "timestamp": "2025-11-07T21:02:52.298961",
  "accelerometer": {
    "x": -1.2090718746185303,
    "y": 6.782773494720459,
    "z": 7.340622425079346
  },
  "gyroscope": {
    "x": -0.02183792181313038,
    "y": -0.01438106968998909,
    "z": -0.003728425595909357
  },
  "magnetometer": {
    "x": -29.6875,
    "y": 3.3203125,
    "z": -14.453125
  },
  "gps": null,
  "proximity": null,
  "ambientLight": 53,
  "pressure": null
}