{
  "timestamp": "2025-11-07T21:17:23.749283",
  "accelerometer": {
    "x": -4.094084739685059,
    "y": 1.6136919260025024,
    "z": 9.916783332824707
  },
  "gyroscope": {
    "x": -0.20133498311042786,
    "y": 0.5922870635986328,
    "z": 0.2514024078845978
  },
  "magnetometer": {
    "x": -16.2109375,
    "y": -38.671875,
    "z": -51.5625
  },
  "gps": null,
  "proximity": null,
  "ambientLight": 125,
  "pressure": null
}