{
  "timestamp": "2025-11-07T21:03:08.298501",
  "accelerometer": {
    "x": -0.9193734526634216,
    "y": 5.987898349761963,
    "z": 8.434772491455078
  },
  "gyroscope": {
    "x": -0.04687163606286049,
    "y": -0.07829693704843521,
    "z": 0.08681905269622803
  },
  "magnetometer": {
    "x": -32.8125,
    "y": 6.25,
    "z": -10.05859375
  },
  "gps": null,
  "proximity": null,
  "ambientLight": 64,
  "pressure": null
}