{
  "timestamp": "2025-11-07T20:47:53.040351",
  "accelerometer": {
    "x": 0.45250412821769714,
    "y": 4.711789131164551,
    "z": 8.47786808013916
  },
  "gyroscope": {
    "x": 0.044741109013557434,
    "y": -0.049002163112163544,
    "z": 0.027164243161678314
  },
  "magnetometer": {
    "x": -19.3359375,
    "y": 2.734375,
    "z": -5.2734375
  },
  "gps": null,
  "proximity": null,
  "ambientLight": 97,
  "pressure": null
}