{
  "timestamp": "2025-11-07T20:47:54.039822",
  "accelerometer": {
    "x": 0.5051765441894531,
    "y": 4.692635536193848,
    "z": 9.01895809173584
  },
  "gyroscope": {
    "x": 0.033555831760168076,
    "y": -0.002130528911948204,
    "z": 0.009054748341441154
  },
  "magnetometer": {
    "x": -17.67578125,
    "y": 1.171875,
    "z": -7.03125
  },
  "gps": null,
  "proximity": null,
  "ambientLight": 84,
  "pressure": null
}