{
  "timestamp": "2025-11-07T20:47:51.039490",
  "accelerometer": {
    "x": 0.08379705995321274,
    "y": 4.73573112487793,
    "z": 9.081207275390625
  },
  "gyroscope": {
    "x": -0.001065264455974102,
    "y": 0.002130528911948204,
    "z": 0.009587380103766918
  },
  "magnetometer": {
    "x": -17.28515625,
    "y": 1.171875,
    "z": -8.3984375
  },
  "gps": null,
  "proximity": null,
  "ambientLight": 92,
  "pressure": null
}