{
  "timestamp": "2025-11-07T21:03:04.299154",
  "accelerometer": {
    "x": -0.6344634294509888,
    "y": 6.3733649253845215,
    "z": 7.68538761138916
  },
  "gyroscope": {
    "x": -0.03675162419676781,
    "y": -0.003728425595909357,
    "z": -0.006924218963831663
  },
  "magnetometer": {
    "x": -30.859375,
    "y": 6.0546875,
    "z": -12.01171875
  },
  "gps": null,
  "proximity": null,
  "ambientLight": 60,
  "pressure": null
}