{
  "timestamp": "2025-11-07T21:02:49.299491",
  "accelerometer": {
    "x": -1.0055646896362305,
    "y": 6.631938934326172,
    "z": 7.448361396789551
  },
  "gyroscope": {
    "x": 0.007456851191818714,
    "y": 0.007456851191818714,
    "z": -0.007456851191818714
  },
  "magnetometer": {
    "x": -29.39453125,
    "y": 4.39453125,
    "z": -14.0625
  },
  "gps": null,
  "proximity": null,
  "ambientLight": 52,
  "pressure": null
}