{
  "timestamp": "2025-11-07T21:17:27.749304",
  "accelerometer": {
    "x": -1.501164436340332,
    "y": 1.5442601442337036,
    "z": 9.849745750427246
  },
  "gyroscope": {
    "x": -0.03195793181657791,
    "y": 0.03302319720387459,
    "z": 0.22583606839179993
  },
  "magnetometer": {
    "x": 9.9609375,
    "y": -17.67578125,
    "z": 0.87890625
  },
  "gps": null,
  "proximity": null,
  "ambientLight": 118,
  "pressure": null
}