{
  "timestamp": "2025-11-07T21:17:31.749129",
  "accelerometer": {
    "x": 0.2825157940387726,
    "y": -0.13407529890537262,
    "z": 10.022128105163574
  },
  "gyroscope": {
    "x": -0.6807039976119995,
    "y": 0.14753912389278412,
    "z": -0.2039981484413147
  },
  "magnetometer": {
    "x": 99.12109375,
    "y": -15.72265625,
    "z": -242.67578125
  },
  "gps": null,
  "proximity": null,
  "ambientLight": 114,
  "pressure": null
}