{
  "timestamp": "2025-11-07T21:17:26.748646",
  "accelerometer": {
    "x": -1.6519991159439087,
    "y": 0.7469909191131592,
    "z": 10.488997459411621
  },
  "gyroscope": {
    "x": -0.2322276532649994,
    "y": -0.020240023732185364,
    "z": -0.1810949593782425
  },
  "magnetometer": {
    "x": 84.5703125,
    "y": -43.1640625,
    "z": -171.2890625
  },
  "gps": null,
  "proximity": null,
  "ambientLight": 146,
  "pressure": null
}