{
  "timestamp": "2025-11-07T21:17:21.749391",
  "accelerometer": {
    "x": -6.370970726013184,
    "y": 2.1308395862579346,
    "z": 8.166622161865234
  },
  "gyroscope": {
    "x": 0.10386328399181366,
    "y": 0.29880666732788086,
    "z": 0.20133498311042786
  },
  "magnetometer": {
    "x": -16.796875,
    "y": -69.3359375,
    "z": -33.203125
  },
  "gps": null,
  "proximity": null,
  "ambientLight": 173,
  "pressure": null
}