{
  "timestamp": "2025-11-07T21:02:51.298118",
  "accelerometer": {
    "x": -1.1875240802764893,
    "y": 6.732495307922363,
    "z": 7.465120792388916
  },
  "gyroscope": {
    "x": -0.008522115647792816,
    "y": 0.006391586735844612,
    "z": 0.007989482954144478
  },
  "magnetometer": {
    "x": -29.58984375,
    "y": 2.734375,
    "z": -13.0859375
  },
  "gps": null,
  "proximity": null,
  "ambientLight": 49,
  "pressure": null
}