{
  "timestamp": "2025-11-07T20:47:48.038954",
  "accelerometer": {
    "x": 0.5315127968788147,
    "y": 4.134786128997803,
    "z": 9.222464561462402
  },
  "gyroscope": {
    "x": -0.008522115647792816,
    "y": -0.030360037460923195,
    "z": 0.012250540778040886
  },
  "magnetometer": {
    "x": -16.69921875,
    "y": 1.85546875,
    "z": -7.91015625
  },
  "gps": null,
  "proximity": null,
  "ambientLight": 96,
  "pressure": null
}