{
  "timestamp": "2025-11-07T20:47:50.039959",
  "accelerometer": {
    "x": 0.08619125932455063,
    "y": 4.666299343109131,
    "z": 8.947132110595703
  },
  "gyroscope": {
    "x": 0.02183792181313038,
    "y": -0.012250540778040886,
    "z": 0.006924218963831663
  },
  "magnetometer": {
    "x": -16.89453125,
    "y": 0.87890625,
    "z": -9.5703125
  },
  "gps": null,
  "proximity": null,
  "ambientLight": 85,
  "pressure": null
}