{
  "timestamp": "2025-11-07T21:02:44.308144",
  "accelerometer": {
    "x": -1.192312479019165,
    "y": 7.354987621307373,
    "z": 6.564900875091553
  },
  "gyroscope": {
    "x": 0.11345066130161285,
    "y": 0,
    "z": 0.006924218963831663
  },
  "magnetometer": {
    "x": -29.296875,
    "y": 1.66015625,
    "z": -15.52734375
  },
  "gps": null,
  "proximity": null,
  "ambientLight": 43,
  "pressure": null
}