{
  "timestamp": "2025-11-07T21:02:45.298631",
  "accelerometer": {
    "x": -0.8858546018600464,
    "y": 7.091625213623047,
    "z": 7.038952827453613
  },
  "gyroscope": {
    "x": 0.06444849818944931,
    "y": -0.019707392901182175,
    "z": -0.03195793181657791
  },
  "magnetometer": {
    "x": -28.3203125,
    "y": 4.39453125,
    "z": -15.13671875
  },
  "gps": null,
  "proximity": null,
  "ambientLight": 46,
  "pressure": null
}