{
  "timestamp": "2025-11-07T20:47:47.039169",
  "accelerometer": {
    "x": 1.5275006294250488,
    "y": 4.505887508392334,
    "z": 8.892065048217773
  },
  "gyroscope": {
    "x": -0.003195793367922306,
    "y": -0.03515372797846794,
    "z": -0.07669904083013535
  },
  "magnetometer": {
    "x": -18.5546875,
    "y": 2.24609375,
    "z": -1.46484375
  },
  "gps": null,
  "proximity": null,
  "ambientLight": 106,
  "pressure": null
}