{
  "timestamp": "2025-11-07T21:17:30.749395",
  "accelerometer": {
    "x": 0.05027823522686958,
    "y": 0.9888052940368652,
    "z": 10.766724586486816
  },
  "gyroscope": {
    "x": -0.004261057823896408,
    "y": 0.04580637067556381,
    "z": -0.012250540778040886
  },
  "magnetometer": {
    "x": 89.6484375,
    "y": -54.296875,
    "z": -226.46484375
  },
  "gps": null,
  "proximity": null,
  "ambientLight": 118,
  "pressure": null
}