{
  "timestamp": "2025-11-07T21:03:01.299376",
  "accelerometer": {
    "x": -0.7445967197418213,
    "y": 6.45476770401001,
    "z": 7.663839817047119
  },
  "gyroscope": {
    "x": 0.018642127513885498,
    "y": -0.000532632227987051,
    "z": -0.000532632227987051
  },
  "magnetometer": {
    "x": -30.95703125,
    "y": 4.98046875,
    "z": -13.0859375
  },
  "gps": null,
  "proximity": null,
  "ambientLight": 64,
  "pressure": null
}