{
  "timestamp": "2025-11-07T21:02:47.297249",
  "accelerometer": {
    "x": -1.015141487121582,
    "y": 6.847416877746582,
    "z": 7.429207801818848
  },
  "gyroscope": {
    "x": -0.022903185337781906,
    "y": 0.002663161139935255,
    "z": -0.03941478580236435
  },
  "magnetometer": {
    "x": -30.17578125,
    "y": 6.0546875,
    "z": -13.18359375
  },
  "gps": null,
  "proximity": null,
  "ambientLight": 50,
  "pressure": null
}