{
  "timestamp": "2025-11-07T21:17:24.749591",
  "accelerometer": {
    "x": -1.113303780555725,
    "y": 0.19632454216480255,
    "z": 10.268731117248535
  },
  "gyroscope": {
    "x": -0.11771172285079956,
    "y": 0.05699164792895317,
    "z": -0.1576591432094574
  },
  "magnetometer": {
    "x": -6.15234375,
    "y": -67.48046875,
    "z": 1.85546875
  },
  "gps": null,
  "proximity": null,
  "ambientLight": 125,
  "pressure": null
}