{
  "timestamp": "2025-11-07T21:02:54.298143",
  "accelerometer": {
    "x": -1.2258312702178955,
    "y": 6.682217121124268,
    "z": 7.4316020011901855
  },
  "gyroscope": {
    "x": -0.007456851191818714,
    "y": 0.003195793367922306,
    "z": 0.02130528911948204
  },
  "magnetometer": {
    "x": -30.078125,
    "y": 5.17578125,
    "z": -13.671875
  },
  "gps": null,
  "proximity": null,
  "ambientLight": 53,
  "pressure": null
}