{
  "timestamp": "2025-11-07T20:47:44.039547",
  "accelerometer": {
    "x": 0.014365210197865963,
    "y": 4.321534156799316,
    "z": 9.174580574035645
  },
  "gyroscope": {
    "x": 0.007456851191818714,
    "y": -0.004793690051883459,
    "z": -0.01065264455974102
  },
  "magnetometer": {
    "x": -16.11328125,
    "y": 2.05078125,
    "z": -10.83984375
  },
  "gps": null,
  "proximity": null,
  "ambientLight": 91,
  "pressure": null
}