{
  "timestamp": "2025-11-07T21:17:35.749647",
  "accelerometer": {
    "x": 0.035913024097681046,
    "y": 0.08379705995321274,
    "z": 10.168174743652344
  },
  "gyroscope": {
    "x": -0.000532632227987051,
    "y": -0.000532632227987051,
    "z": 0.001065264455974102
  },
  "magnetometer": {
    "x": 99.51171875,
    "y": -10.25390625,
    "z": -250
  },
  "gps": null,
  "proximity": null,
  "ambientLight": 121,
  "pressure": null
}