{
  "timestamp": "2025-11-07T20:47:37.789682",
  "accelerometer": {
    "x": -0.6416460275650024,
    "y": 3.974374771118164,
    "z": 9.521739959716797
  },
  "gyroscope": {
    "x": -0.04314320906996727,
    "y": 0.33555829524993896,
    "z": 0.07936219871044159
  },
  "magnetometer": {
    "x": -15.8203125,
    "y": 4.19921875,
    "z": -10.05859375
  },
  "gps": null,
  "proximity": null,
  "ambientLight": 91,
  "pressure": null
}