{
  "timestamp": "2025-11-07T21:17:29.747939",
  "accelerometer": {
    "x": -0.06703764945268631,
    "y": 2.5091233253479004,
    "z": 7.977479934692383
  },
  "gyroscope": {
    "x": 0.2865561246871948,
    "y": 0.36005938053131104,
    "z": -0.17417073249816895
  },
  "magnetometer": {
    "x": 84.5703125,
    "y": -21.77734375,
    "z": -188.76953125
  },
  "gps": null,
  "proximity": null,
  "ambientLight": 100,
  "pressure": null
}