{
  "timestamp": "2025-11-07T21:17:34.748615",
  "accelerometer": {
    "x": 0.031124621629714966,
    "y": 0.06224924325942993,
    "z": 10.160991668701172
  },
  "gyroscope": {
    "x": -0.001597896683961153,
    "y": 0.000532632227987051,
    "z": -0.001065264455974102
  },
  "magnetometer": {
    "x": 99.70703125,
    "y": -9.5703125,
    "z": -251.07421875
  },
  "gps": null,
  "proximity": null,
  "ambientLight": 110,
  "pressure": null
}