{
  "timestamp": "2025-11-07T21:17:43.749072",
  "accelerometer": {
    "x": 0.026336219161748886,
    "y": 0.07182604819536209,
    "z": 10.170568466186523
  },
  "gyroscope": {
    "x": 0,
    "y": 0,
    "z": 0.001065264455974102
  },
  "magnetometer": {
    "x": 107.51953125,
    "y": -15.4296875,
    "z": -283.3984375
  },
  "gps": null,
  "proximity": null,
  "ambientLight": 115,
  "pressure": null
}