{
  "timestamp": "2025-11-07T21:03:25.240034",
  "accelerometer": {
    "x": -0.37828385829925537,
    "y": 5.430049419403076,
    "z": 8.429984092712402
  },
  "gyroscope": {
    "x": 0.001597896683961153,
    "y": -0.005858954507857561,
    "z": 0.010120011866092682
  },
  "magnetometer": {
    "x": -37.79296875,
    "y": 6.54296875,
    "z": -3.22265625
  },
  "gps": null,
  "proximity": null,
  "ambientLight": 68,
  "pressure": null
}