{
  "timestamp": "2025-11-07T20:47:45.039839",
  "accelerometer": {
    "x": -0.035913024097681046,
    "y": 4.32871675491333,
    "z": 9.095572471618652
  },
  "gyroscope": {
    "x": 0.001597896683961153,
    "y": 0.003195793367922306,
    "z": -0.002130528911948204
  },
  "magnetometer": {
    "x": -17.08984375,
    "y": 2.734375,
    "z": -10.64453125
  },
  "gps": null,
  "proximity": null,
  "ambientLight": 94,
  "pressure": null
}